,name,artist,release_year,duration,popularity,valence,energy,acousticness,danceability
00QyLmjxaSEE8qIZQjBXBj,We Own It (Fast & Furious),2 Chainz,2013,227.893,0.67,0.557,0.897,0.0596,0.553
0385HqYimoTQaHZP17KwG1,We Found Love,Calvin Harris,2012,215.52,0.21,0.608,0.776,0.0234,0.738
04KsMCb9PZE2S0AtUU8Jhb,April Showers,Proleter,2011,275.751,0.58,0.902,0.546,0.28,0.801
04YSVJjUnZED8YNXlQR1fk,White Christmas,Irving Berlin,1990,160.013,0.52,0.443,0.09090000000000001,0.927,0.506
06dT0EYXrhRQV1MsvWhNGv,Bad (feat. Vassy),David Guetta,2014,170.625,0.55,0.41100000000000003,0.972,0.00125,0.614
08mG3Y1vljYA6bvDt4Wqkj,Back In Black,AC/DC,1980,255.493,0.84,0.763,0.7000000000000001,0.011,0.31
0BB9eUBBaaX6GALSYNcEp7,You Spin Me Round (Like a Record),Dead Or Alive,1985,196.8,0.72,0.96,0.851,0.006,0.554
0C80GCp0mMuBzLf3EAXqxv,Shoot to Thrill,AC/DC,1980,317.426,0.71,0.48,0.904,0.00023899999999999998,0.457
0DFRrABd2ppHhS3QaZuCJ1,Fuck Tha Police,N.W.A.,1996,343.373,0.62,0.737,0.837,0.00956,0.85
0EYOdF5FCkgOJJla8DI2Md,B.Y.O.B.,System Of A Down,2005,255.466,0.78,0.716,0.981,0.006620000000000001,0.556
0F0MA0ns8oXwGw66B2BSXm,Let's Dance,David Bowie,1983,457.133,0.7000000000000001,0.709,0.7030000000000001,0.00388,0.619
0FDzzruyVECATHXKHFs9eJ,A Sky Full of Stars,Coldplay,2014,268.466,0.78,0.153,0.636,0.007130000000000001,0.551
0FE9t6xYkqWXU2ahLh6D8X,Shape of You,Ed Sheeran,2017,233.712,0.88,0.931,0.652,0.581,0.8250000000000001
0GO1QWs0YvDmmoTHUqitvf,In the Hall of the Mountain King,Trent Reznor and Atticus Ross,2010,141.348,0.44,0.0666,0.14,0.745,0.232
0HFx7PLqzGxSfN59j3UHmR,Want to Want Me,Jason Derulo,2015,207.719,0.56,0.656,0.68,0.00906,0.775
0J6mQxEZnlRt9ymzFntA6z,Livin' On A Prayer,Bon Jovi,1986,249.293,0.74,0.72,0.887,0.07680000000000001,0.534
0JOw67rq2X6NDz5AJP9uIG,Hound Dog,Elvis Presley,2002,133.293,0.55,0.9400000000000001,0.884,0.62,0.343
0Js19LHlGaTdSdbQpJcHBY,The Majestic Tale (Of A Madman In A Box),Murray Gold,2011,241.16,0.41000000000000003,0.35000000000000003,0.551,0.0946,0.47700000000000004
0MsrWnxQZxPAcov7c74sSo,Holiday/Boulevard Of Broken Dreams,Green Day,2004,493.4,0.76,0.45,0.8270000000000001,0.000659,0.29
0NWPxcsf5vdjdiFUI8NgkP,Hey Joe,Jimi Hendrix,1967,210.16,0.72,0.532,0.768,0.006030000000000001,0.34600000000000003
0OJtYfqiz0Xn53o2TnySQC,All Rise,Blue,2004,224.133,0.64,0.9400000000000001,0.6920000000000001,0.123,0.738
0SJPThTy7ynySPF4euczx7,Work from Home,Fifth Harmony,2016,216.575,0.27,0.659,0.631,0.10200000000000001,0.803
0TzcD3crmxJdhSG949fbrx,Someday,Flipsyde,2005,242.626,0.29,0.34400000000000003,0.765,0.09630000000000001,0.598
0UFDKFqW2oGspYeYqo9wjA,Bleed It Out,Linkin Park,2007,166.373,0.76,0.596,0.967,0.114,0.529
0UfoZAmx9PEA4EnOYVDdnB,Hellbent (feat. Snowblood),Mystery Skulls,2014,173.213,0.22,0.41000000000000003,0.647,0.00152,0.73
0aOluBqXYd0rFSCsgDyAWX,Take Me to Church,Hozier,2014,241.693,0.77,0.437,0.664,0.634,0.5660000000000001
0fioLzGM8ngbD1w6fMmm45,I'm Not The Only One,Sam Smith,2014,239.316,0.78,0.501,0.496,0.554,0.453
0jeJR3LdrC2QJNviq7wjzp,In Cold Blood,alt-J,2017,206.026,0.65,0.589,0.745,0.14200000000000002,0.495
0k2GOhqsrxDTAbFFSdNJjT,Temperature,Sean Paul,2005,218.573,0.77,0.8220000000000001,0.6000000000000001,0.106,0.9510000000000001
0lhlNZ2Oe3LQHVuuR2W7k3,All I Ever Wanted,Basshunter,2008,176.453,0.54,0.514,0.986,0.168,0.645
0n2SEXB2qoRQg171q7XqeW,Smooth,Santana,1999,294.986,0.73,0.961,0.923,0.16,0.609
0ngr6YFEU5y2RaYNYLqO9R,The Show,Lenka,2008,235.693,0.46,0.593,0.59,0.259,0.753
0ofbQMrRDsUaVKq2mGLEAb,Havana,Camila Cabello,2017,216.896,0.9400000000000001,0.418,0.517,0.186,0.768
0tJGzJjUVlEsn8s3Mn32Jb,Maps,Maroon 5,2014,189.84,0.5700000000000001,0.893,0.723,0.0179,0.737
0tgVpDi06FyKpA1z0VMD4v,Perfect,Ed Sheeran,2017,263.4,0.98,0.168,0.448,0.163,0.599
0vFOzaXqZHahrZp6enQwQb,Money,Pink Floyd,1973,382.834,0.74,0.783,0.537,0.0241,0.46900000000000003
0wJoRiX5K5BxlqZTolB2LD,Purple Haze,Jimi Hendrix,1967,170.813,0.72,0.486,0.905,0.00876,0.533
0xuXRQJfxmdP6gvfDe2Z4L,Just Can't Get Enough,Depeche Mode,1981,220.893,0.62,0.918,0.779,0.40700000000000003,0.759
0yhPEz5KxlDwckGJaMlZqM,Centuries,Fall Out Boy,2015,228.36,0.78,0.48,0.861,0.0038,0.383
0zCqrZ8SEdkzSmhFlRTHlQ,Wolven Storm,Marcin Przybyłowicz,2015,198.4,0.48,0.593,0.0818,0.9550000000000001,0.547
126HWk9JuCt4PHZJAAsgOv,Thé à la menthe (The Lazer Dance Version) [Instrumental],La Caution,2005,255.718,0.43,0.741,0.965,0.000116,0.717
13P5rwmk2EsoFRIz9UCeh9,Cool Kids,Echosmith,2013,237.626,0.73,0.786,0.671,0.037200000000000004,0.719
14XWXWv5FoCbFzLksawpEe,Riders On The Storm,The Doors,1971,434.72,0.74,0.716,0.722,0.25,0.549
15yScQGLH5QOuXm9XbhnPb,Leaving Hogwarts,John Williams,2001,133.573,0.53,0.036500000000000005,0.0473,0.932,0.183
17vl40gMH9ae4X7pGW3Dfi,Such Words,Ghostly Kisses,2015,214.276,0.02,0.271,0.47100000000000003,0.41300000000000003,0.717
18AXbzPzBS8Y3AkgSxzJPb,In The Air Tonight,Phil Collins,1981,336.453,0.77,0.298,0.23900000000000002,0.551,0.446
1AgQqthiTBuJBzkv0o5cFT,The Sex Is Good,Saving Abel,2010,211.453,0.54,0.76,0.634,0.10200000000000001,0.757
1FTSo4v6BOZH9QxKc3MbVM,Song 2 - 2012 Remastered Version,Blur,1997,121.16,0.77,0.918,0.789,0.0017800000000000001,0.674
1HbIDb6dtXMb1zNWdstsae,Arriving Somewhere But Not Here,Porcupine Tree,2005,722.2,0.05,0.0483,0.789,0.016,0.376
1ITw8c8sA1szdaPBHAmcBC,Just In Love,Joe Jonas,2011,207.293,0.4,0.6930000000000001,0.858,0.000384,0.67
1Jwc3ODLQxtbnS8M9TflSP,Walk Like an Egyptian,The Bangles,2004,204.706,0.68,0.8190000000000001,0.891,0.0034400000000000003,0.724
1L94M3KIu7QluZe63g64rv,Alive,Pearl Jam,1991,340.907,0.77,0.595,0.875,0.007520000000000001,0.28400000000000003
1MYlx4dBtiyjn7K8YSyfzT,The Real Slim Shady,Eminem,2005,284.8,0.6900000000000001,0.787,0.655,0.033100000000000004,0.9470000000000001
1OOtq8tRnDM8kG2gqUPjAj,Beat It - Single Version,Michael Jackson,1982,258.04,0.79,0.915,0.867,0.049100000000000005,0.779
1PPTlPJqKuL0fdoTmzwXJy,A Window to the Past,John Williams,2004,234.04,0.56,0.139,0.0443,0.9540000000000001,0.212
1QEEqeFIZktqIpPI4jSVSF,More Than a Feeling,Boston,1976,285.133,0.79,0.28800000000000003,0.682,0.0008939999999999999,0.377
1STAWoWHYJh2UVUx41pYMD,Lost!,Coldplay,2008,236.213,0.56,0.582,0.779,0.0057,0.359
1TfqLAPs4K3s2rJMoCokcS,Sweet Dreams (Are Made of This),Eurythmics,1983,216.933,0.84,0.875,0.711,0.227,0.6920000000000001
1U6GisxpoQVpu1yCgYzxDf,Enjoy The Silence,Depeche Mode,2006,253.586,0.47000000000000003,0.738,0.77,0.081,0.651
1Vej0qeQ3ioKwpI6FUbRv1,Papercut,Linkin Park,2000,184.866,0.74,0.661,0.9390000000000001,0.00022,0.524
1W0YS64vF9qgMVLuN76aqg,Rise,Skillet,2013,260.786,0.63,0.381,0.921,0.012700000000000001,0.5700000000000001
1Y373MqadDRtclJNdnUXVc,Paranoid,Black Sabbath,1970,168.405,0.71,0.45,0.658,4.52e-05,0.41500000000000004
1ZAYsScO4yNVYPD07TSpXN,Jamaica Farewell,Harry Belafonte,2005,181.893,0.42,0.745,0.195,0.9510000000000001,0.598
1brwdYwjltrJo7WHpIvbYt,Faded,Alan Walker,2015,212.626,0.32,0.166,0.651,0.0291,0.589
1eLkoCxLbvvIF1BWiDF0Jm,Careless Whisper,George Michael,2016,302.693,0.01,0.784,0.771,0.158,0.551
1eyzqe2QqGZUmfcPZtrIyt,Midnight City,M83,2011,241.44,0.74,0.32,0.712,0.0161,0.526
1hKdDCpiI9mqz1jVHRKG0E,Enter Sandman,Metallica,1991,331.573,0.31,0.635,0.8240000000000001,0.00206,0.579
1iGXvUsVVkYBas0Cniw6NB,Hallowed Be Thy Name,Iron Maiden,1982,432.8,0.66,0.34800000000000003,0.909,0.00185,0.304
1n8NKQRg8LVHy7oUhUgbFF,Hedwig's Theme,John Williams,2001,309.093,0.62,0.077,0.162,0.897,0.156
1nRwyxNsqCLeA17qR8Nfxx,Quit Playing Games (With My Heart),Backstreet Boys,1996,233.533,0.68,0.882,0.875,0.061500000000000006,0.8
1ndGB6rvxKYN9seCYO1dTF,The Zephyr Song,Red Hot Chili Peppers,2002,231.933,0.6900000000000001,0.403,0.803,0.013000000000000001,0.725
1nv781jTeyQKBGJeDfWMdu,Here's To You,Joan Baez,2004,187.84,0.44,0.381,0.561,0.465,0.464
1qx8bj4quT6XuP5P9Eu12Z,I Want You To Know,Zedd,2015,238.8,0.1,0.354,0.873,0.00489,0.5650000000000001
1r1fPuhj9H4VdXr7OK6FL5,CASTLE OF GLASS,Linkin Park,2012,205.4,0.72,0.685,0.911,0.06860000000000001,0.615
1s4Ie0cT6P73SRSfh3oyGW,The Number Of The Beast,Iron Maiden,1982,291.373,0.6900000000000001,0.34400000000000003,0.93,0.0189,0.42
1sdz3nsrkX4Yo42KLPrmYV,Cloud Number Nine,Bryan Adams,1998,225.546,0.46,0.584,0.735,0.0682,0.589
1u0aIMrEBvFkRtgcg264gW,I Gotta Feeling,The Black Eyed Peas,2010,289.186,0.58,0.634,0.751,0.0792,0.74
1wHSxWBfPr3GO31y8KGrWe,Wish You Were Here,Pink Floyd,1975,334.743,0.24,0.375,0.262,0.735,0.481
1woL1W9wp2tKz9cFyc4NUm,Double Trouble,John Williams,2004,97.226,0.5,0.68,0.146,0.733,0.65
1xznGGDReH1oQq0xzbwXa3,One Dance,Drake,2016,173.986,0.85,0.371,0.619,0.007840000000000001,0.791
1yGSAsMRNGW8AI98cWCLk5,FACK,Eminem,2005,205.76,0.58,0.357,0.6000000000000001,0.005690000000000001,0.845
20HfZ81MmRNL3wPXzZS9OD,Never Hear Surf Music Again,Free Blood,2008,226.77,0.0,0.319,0.493,0.0222,0.751
21Go4aMyLGP40ANI3TU0Fn,Geronimo,Sheppard,2014,218.227,0.13,0.46,0.779,0.421,0.708
21jBRxUvrWXTwBfGnQwyVy,"Another Brick In The Wall, Pt. 2",Pink Floyd,1979,238.746,0.72,0.719,0.394,0.0781,0.6940000000000001
2374M0fQpWi3dLnB54qaLX,Africa,Toto,1982,295.893,0.8300000000000001,0.732,0.373,0.257,0.671
24NwBd5vZ2CK8VOQVnqdxr,Sweet Emotion,Aerosmith,1975,274.133,0.74,0.491,0.76,0.0029800000000000004,0.38
2AGP16NS5LsvnskU9PdafD,Warriors,Imagine Dragons,2014,170.066,0.05,0.307,0.8230000000000001,0.0815,0.26
2Cy7QY8HPLk925AyNAt6OG,Black or White,Michael Jackson,2005,202.853,0.72,0.96,0.894,0.0824,0.741
2DPYlWl50ydYsnnuryL5aX,Cooler Than Me,Mike Posner,2009,227.84,0.65,0.769,0.515,0.10300000000000001,0.837
2DtPEKs3Pj7E06EoWW4vw8,Carnival of Rust,Poets of the Fall,2006,262.946,0.53,0.124,0.59,0.225,0.492
2FRnf9qhLbvw8fu4IBXx78,Last Christmas,Wham!,1984,262.96,0.72,0.9470000000000001,0.47800000000000004,0.189,0.735
2HHtWyy5CgaQbC7XSoOb0e,Eye of the Tiger,Survivor,1982,243.773,0.73,0.552,0.438,0.216,0.8150000000000001
2ISjP2XebyGSoKSM6Cnb0m,LIly's Theme,Alexandre Desplat,2011,148.813,0.55,0.027800000000000002,0.048,0.889,0.179
2IZZqH4K02UIYg5EohpNHF,Zombie,The Cranberries,1994,306.41,0.76,0.306,0.613,0.016300000000000002,0.299
2JA6A6Y5f4m7PawM58U2Op,Get It Started,Pitbull,2012,245.92,0.46,0.599,0.849,0.0668,0.6930000000000001
2LlQb7Uoj1kKyGhlkBf9aC,Thriller,Michael Jackson,1982,357.8,0.59,0.782,0.6880000000000001,0.0317,0.771
2OSfEYKhlSsLx6vn4O75RK,I Want You Back,The Jackson 5,1971,178.493,0.6900000000000001,0.928,0.65,0.457,0.665
2PzU4IB8Dr6mxV3lHuaG34,(I Can't Get No) Satisfaction,The Rolling Stones,1965,222.813,0.6900000000000001,0.904,0.853,0.034800000000000005,0.725
2T43UrvAg60ubJVo5KQ3t7,Come And Get Your Love,Redbone,2010,208.306,0.67,0.97,0.481,0.231,0.793
2UREu1Y8CO4jXkbvqAtP7g,Monster,Skillet,2009,178.013,0.76,0.6920000000000001,0.9570000000000001,0.0431,0.64
2VNfJpwdEQBLyXajaa6LWT,Burning Down The House (45 Version),Talking Heads,1983,241.92,0.66,0.555,0.87,0.00644,0.779
2W5acFzXf5FrktecuD30Or,One Love,Blue,2003,207.186,0.59,0.854,0.722,0.024300000000000002,0.683
2WeSz9FLWE9RRIFDWtD5nc,The Trooper,Iron Maiden,1983,250.946,0.02,0.62,0.866,0.0175,0.28500000000000003
2WfaOiMkCvy7F5fcp2zZ8L,Take On Me,a-ha,1985,225.28,0.84,0.876,0.902,0.018000000000000002,0.5730000000000001
2a1o6ZejUi8U3wzzOtCOYw,Danza Kuduro,Don Omar,2010,198.773,0.75,0.849,0.92,0.0813,0.467
2b9lp5A6CqSzwOrBfAFhof,Crazy Train,Ozzy Osbourne,1980,296.2,0.76,0.47300000000000003,0.906,0.361,0.453
2bCQHF9gdG5BNDVuEIEnNk,Smooth Criminal,Michael Jackson,1987,257.76,0.73,0.595,0.981,0.247,0.853
2cGxRwrMyEAp8dEbuZaVv6,Instant Crush,Daft Punk,2013,337.56,0.75,0.518,0.585,0.0422,0.775
2cbic3TiUENlJX91y67ARR,Skinny Love,Bon Iver,2008,238.52,0.75,0.109,0.263,0.844,0.593
2dzoV0QSVtGk2J99XSRsxh,Nothing Else Matters,Metallica,2009,388.733,0.0,0.17,0.364,0.0505,0.558
2fmqPLRFdJNPhLU3b2NSFp,Glory (From the Motion Picture Selma),Common,2014,272.727,0.61,0.5720000000000001,0.587,0.867,0.5670000000000001
2g8HN35AnVGIk7B8yMucww,Big Poppa,The Notorious B.I.G.,1994,252.746,0.76,0.758,0.578,0.432,0.778
2ldAdghnrO34HPcZ0IWfTu,Ten Feet Tall,Afrojack,2014,229.149,0.58,0.341,0.864,0.0388,0.524
2lnzGkdtDj5mtlcOW2yRtG,"Whenever, Wherever",Shakira,2001,196.16,0.75,0.872,0.8320000000000001,0.23600000000000002,0.793
2miAut6dp9BWdGmOxwSGEC,Sweet Dreams (Are Made Of This),Marilyn Manson,1995,293.293,0.6900000000000001,0.132,0.642,0.00502,0.39
2nLtzopw4rPReszdYBJU6h,Numb,Linkin Park,2003,185.586,0.84,0.243,0.863,0.0046,0.496
2nVHqZbOGkKWzlcy1aMbE7,Kashmir,Led Zeppelin,1975,508.2,0.7000000000000001,0.581,0.536,0.488,0.48
2oENJa1T33GJ0w8dC167G4,Fire Burning,Sean Kingston,2009,239.986,0.67,0.888,0.804,0.019200000000000002,0.839
2pYtUiFhiRH5ssLl7wBK4v,The Story Continues,Patrick Doyle,2005,89.186,0.47000000000000003,0.115,0.29,0.37,0.228
2pxAohyJptQWTQ5ZRWYijN,The Trooper,Iron Maiden,1983,250.973,0.71,0.6960000000000001,0.856,0.0238,0.28600000000000003
2rgtCOVK2tpfao2VjURn84,Lovers on the Sun (feat. Sam Martin),David Guetta,2014,203.52,0.65,0.5680000000000001,0.891,0.0932,0.645
2sNvitW3TxiTeC9xT9f2ZZ,Firestone,Kygo,2015,273.684,0.34,0.391,0.652,0.40800000000000003,0.486
2sXp9Qmvc7mRaDBjBgcGGi,Every Breath You Take,The Police,1983,253.886,0.74,0.729,0.46,0.56,0.8130000000000001
2tftivjRsvKs0jFH9h3Ti8,Hangover,Taio Cruz,2011,244.906,0.66,0.5760000000000001,0.885,0.00892,0.599
2vfshZvISOKy2Je7wQBWOV,Valentine's Day,Linkin Park,2007,196.813,0.58,0.41200000000000003,0.66,0.0252,0.654
2wqaekenSQZm7hxQOYt8oE,Am I Wrong,Nico & Vinz,2014,247.52,0.7000000000000001,0.76,0.68,0.162,0.725
2wroDH1nE0lZFjRyI6lIR6,Black Water,Of Monsters and Men,2015,253.293,0.48,0.201,0.617,0.0018100000000000002,0.47400000000000003
2zYzyRzz6pRmhPzyfMEC8s,Highway to Hell,AC/DC,1979,208.4,0.84,0.422,0.913,0.0591,0.5730000000000001
31AOj9sFz2gM0O3hMARRBx,Losing My Religion,R.E.M.,1991,268.426,0.73,0.8290000000000001,0.849,0.163,0.671
32DGGj6KlNuBr6WaqRxpxi,How Long,Charlie Puth,2017,198.237,0.9400000000000001,0.779,0.581,0.189,0.849
32OlwWuMpZ6b0aN2RZOeMS,Uptown Funk,Mark Ronson,2015,269.666,0.85,0.928,0.609,0.008010000000000001,0.856
34Jeq8ktRzyOW1uw40InVy,Uma Thurman,Fall Out Boy,2015,211.573,0.67,0.729,0.9530000000000001,0.113,0.624
34gCuhDGsG4bRPIf9bb02f,Thinking Out Loud,Ed Sheeran,2014,281.56,0.88,0.591,0.445,0.47400000000000003,0.781
35Vle8dEPRW22MGQsqj0vq,Tonight (I'm Fuckin' You),Enrique Iglesias,2010,232.213,0.61,0.321,0.89,0.029400000000000003,0.648
37ebs6hDGOWK8SDAB2kZG5,Friction,Imagine Dragons,2015,201.813,0.59,0.267,0.539,0.042800000000000005,0.672
38xW0OJtwMCTPE4SSwERBn,Beauty And The Beast,David Bowie,1977,216.466,0.45,0.6970000000000001,0.889,0.00133,0.537
39cFQHfY6tsdMRmSbFse3X,The Downeaster 'Alexa',Billy Joel,1989,223.266,0.56,0.681,0.808,0.11,0.457
39shmbIHICJ2Wxnk1fPSdz,Should I Stay or Should I Go,The Clash,1982,188.986,0.8,0.8160000000000001,0.833,0.079,0.742
3BsaRV5QIulYz2lV9WWa8T,Show Me the Meaning of Being Lonely,Backstreet Boys,1999,234.96,0.6000000000000001,0.683,0.625,0.231,0.63
3FREWTEY2uFxOorJZMmZPX,The Memory Remains,Metallica,1997,279.24,0.12,0.6000000000000001,0.904,0.000321,0.432
3GiE1hcocpQIEf1gC7fv2o,Alan Turing's Legacy,Alexandre Desplat,2014,116.52,0.63,0.10200000000000001,0.371,0.803,0.242
3GpbwCm3YxiWDvy29Uo3vP,Right Round,Flo Rida,2009,204.64,0.72,0.705,0.672,0.009000000000000001,0.72
3H7sv3Krffn15BufUuXzf3,Hey Jude,The Beatles,2000,425.653,0.72,0.532,0.607,0.0112,0.386
3Jhl9Bjqg8lTCoJTE9YtpD,I-E-A-I-A-I-O,System Of A Down,2002,188.6,0.46,0.433,0.791,0.000126,0.626
3K4HG9evC7dg3N0R9cYqk4,One Step Closer,Linkin Park,2000,157.333,0.76,0.538,0.969,0.0014,0.492
3LlAyCYU26dvFZBDUIMb7a,Demons,Imagine Dragons,2012,175.2,0.77,0.381,0.73,0.23,0.499
3LmpQiFNgFCnvAnhhvKUyI,Stayin' Alive,Bee Gees,2004,285.2,0.34,0.91,0.899,0.06960000000000001,0.675
3MrRksHupTVEQ7YbA0FsZK,The Final Countdown,Europe,1986,310.333,0.74,0.185,0.844,0.06280000000000001,0.536
3RKHTaha0FPoaOfpMXpQkJ,Time In A Bottle,Jim Croce,2011,148.586,0.1,0.58,0.154,0.886,0.532
3RiPr603aXAoi4GHyXx0uy,Hymn For The Weekend,Coldplay,2015,258.826,0.81,0.363,0.743,0.255,0.49
3S1tTwSKIZgf4QGltFyCxM,Everybody Wants To Rule The World,Lorde,2013,155.586,0.59,0.06720000000000001,0.5690000000000001,0.63,0.54
3Tw6AIJN83LTpyPa05FSG1,Rebirthing,Skillet,2008,241.733,0.30000000000000004,0.517,0.9580000000000001,0.00734,0.333
3U4isOIWM3VvDubwSI3y7a,All of Me,John Legend,2013,269.56,0.86,0.331,0.264,0.922,0.422
3UMuQCHQPTP30xEjLzoHAQ,Magnetic,Flyleaf,2014,221.348,0.41000000000000003,0.745,0.87,0.121,0.595
3VZQshi4COChhXaz7cLP02,I Love It (feat. Charli XCX) - feat. Charli XCX,Icona Pop,2012,155.337,0.7000000000000001,0.838,0.905,0.00855,0.714
3VZmChrnVW8JK6ano4gSED,Sexual Healing,Marvin Gaye,1982,238.6,0.71,0.746,0.601,0.11900000000000001,0.805
3Wb4T8OJg4obJNBMUYgfPm,Blind Heart,CAZZETTE,2014,197.953,0.11,0.34600000000000003,0.8270000000000001,0.0844,0.722
3XC7Jd6SfrQYKZJ6inyRHK,The House Of The Rising Sun,The Animals,1992,269.906,0.72,0.299,0.484,0.000334,0.316
3Y8pg3FF5FivDAboCKnGOP,Wrong,Depeche Mode,2009,193.68,0.32,0.242,0.876,0.167,0.518
3Y9xtYyVyF13po6xePV5Cp,Bailando - English Version,Enrique Iglesias,2014,242.331,0.58,0.937,0.85,0.08410000000000001,0.723
3YfZ9L0ebJ9h14kMxAbTFM,"No Time for Caution (From ""Interstellar"")",London Music Works,2015,236.613,0.41000000000000003,0.0692,0.328,0.507,0.366
3ZFTkvIE7kyPt6Nu3PEa7V,Hips Don't Lie,Shakira,2006,218.093,0.84,0.756,0.8240000000000001,0.28400000000000003,0.778
3ZFwuJwUpIl0GeXsvF1ELf,Nothing Else Matters,Metallica,1991,388.733,0.32,0.17,0.364,0.0505,0.558
3ZZq9396zv8pcn5GYVhxUi,Down Under,Men At Work,1982,222.32,0.68,0.892,0.459,0.129,0.739
3ZffCQKLFLUvYM59XKLbVm,Wake Me Up When September Ends,Green Day,2004,285.653,0.79,0.146,0.8140000000000001,0.023,0.546
3cHyrEgdyYRjgJKSOiOtcS,Timber,Pitbull,2012,204.16,0.77,0.788,0.963,0.029500000000000002,0.581
3d9DChrdc6BOeFsbrZ3Is0,Under The Bridge,Red Hot Chili Peppers,1991,264.306,0.8300000000000001,0.458,0.34500000000000003,0.057600000000000005,0.559
3dxiWIBVJRlqh9xk144rf4,Breaking The Habit,Linkin Park,2003,196.906,0.67,0.581,0.849,0.108,0.579
3gbBpTdY8lnQwqxNCcf795,Pompeii,Bastille,2013,214.147,0.72,0.593,0.715,0.078,0.681
3gvhgrNvUyvckPGvmsGWGU,I've Been Waiting,Dear David,2014,346.908,0.34,0.704,0.779,0.00219,0.842
3l1bpC1lrAZ911bplYydPb,Courtyard Apocalypse,Alexandre Desplat,2011,120.386,0.46,0.131,0.313,0.487,0.137
3mGkPsZbHEBf8ZT1ExZnww,Scent of a Woman: Tango (Por Una Cabeza),Carlos Gardel,1997,231.16,0.46,0.429,0.134,0.8210000000000001,0.34900000000000003
3mr584ZFSkZrWja9kJAzlb,Skyfall,Adele,2012,286.481,0.68,0.0789,0.552,0.417,0.34600000000000003
3n69hLUdIsSa1WlRmjMZlW,Breezeblocks,alt-J,2012,227.08,0.74,0.28600000000000003,0.656,0.096,0.616
3nKeNPOQXlQhT7vPPdwDaq,Lonely,Akon,2005,235.8,0.5700000000000001,0.623,0.526,0.339,0.634
3pxCXv0NACYfYnLjFcQW5D,Addicted,Saving Abel,2008,222.826,0.6900000000000001,0.529,0.865,0.000821,0.512
3qKGvSu1inEZKwYQnMavNA,Smack That - Dirty,Akon,2006,212.36,0.74,0.932,0.743,0.317,0.9400000000000001
3qiyyUfYe7CRYLucrPmulD,Baba O'Riley,The Who,1971,300.0,0.7000000000000001,0.156,0.722,0.28700000000000003,0.494
3s4U7OHV7gnj42VV72eSZ6,Rather Be (feat. Jess Glynne),Clean Bandit,2014,227.833,0.76,0.549,0.586,0.162,0.799
3ssX20QT5c3nA9wk78V1LQ,Ambitionz Az A Ridah,2Pac,1996,278.386,0.79,0.804,0.91,0.00239,0.801
3vMCg20dt8lUiPozDINUBf,Animals,Maroon 5,2014,231.013,0.08,0.34400000000000003,0.741,0.00018899999999999999,0.459
3xKsPtA5XG91Zlh0SyycmM,Come On Eileen,Dexys Midnight Runners,2009,205.933,0.67,0.8240000000000001,0.874,0.197,0.41000000000000003
3yI282DoIJyERd0vGukMoB,Fortunate Son,Creedence Clearwater Revival,1969,140.773,0.77,0.609,0.669,0.20800000000000002,0.643
3ziCNz5vq8pEeRZjPElfYR,Moonage Daydream,David Bowie,1972,280.53,0.2,0.736,0.61,0.0408,0.556
40riOy7x9W7GXjyGp4pjAv,Hotel California,Eagles,1976,391.376,0.8300000000000001,0.609,0.508,0.00574,0.579
416MsJxvxSKY96DCmbJIRs,The Hanging Tree,James Newton Howard,2014,218.506,0.58,0.109,0.085,0.329,0.255
43eBgYRTmu5BJnCJDBU5Hb,Rio,Duran Duran,1982,337.333,0.63,0.676,0.873,0.0415,0.544
454DinyN4ouKpOrtEIIYQU,Nevermind,Leonard Cohen,2014,279.933,0.53,0.61,0.428,0.621,0.835
46QazXxQS0B31CnbRCy8CV,Rock You Like a Hurricane,Scorpions,2011,255.573,0.73,0.705,0.891,0.000261,0.587
46THN9jjPWhSqFUu6YsBhv,Panda,Desiigner,2016,247.866,0.74,0.245,0.734,0.0241,0.679
477daPpd3DnneaHhvjM35l,Are You With Me - Radio Edit,Lost Frequencies,2014,138.842,0.59,0.41200000000000003,0.5740000000000001,0.466,0.776
48UPSzbZjgc449aqz8bxox,Californication,Red Hot Chili Peppers,1999,329.733,0.8300000000000001,0.328,0.767,0.0021000000000000003,0.592
48psxWnIVYCPUZJKiuDiEf,The Man Who Sold The World,Nirvana,1994,260.946,0.6900000000000001,0.4,0.773,0.432,0.468
4BWtaaeVIRsR5HgLfuJAB9,Iron Man,Black Sabbath,2016,353.613,0.54,0.417,0.795,0.0036100000000000004,0.336
4E5P1XyAFtrjpiIxkydly4,Replay,Iyaz,2009,182.306,0.7000000000000001,0.195,0.751,0.17300000000000001,0.706
4G8gkOterJn0Ywt6uhqbhp,Radioactive,Imagine Dragons,2012,186.813,0.77,0.176,0.799,0.126,0.47800000000000004
4Hbe0lRKsXtDZ2wQIovz7I,Johnny B. Goode,Chuck Berry,1959,161.56,0.67,0.969,0.806,0.748,0.522
4IKgGUdznqTZdN9FtPdyDm,Walking,Ash Grunwald,2010,247.386,0.38,0.671,0.796,0.321,0.584
4IxzYy314HtlLcg9Dey9t7,Killing Strangers,Marilyn Manson,2015,336.487,0.5700000000000001,0.516,0.551,0.0099,0.593
4KFM3A5QF2IMcc6nHsu3Wp,Englishman In New York,Sting,1987,267.266,0.58,0.63,0.34800000000000003,0.387,0.678
4P5KoWXOxwuobLmHXLMobV,Come As You Are,Nirvana,1991,218.92,0.74,0.541,0.8250000000000001,0.00018199999999999998,0.505
4Qyx69DzTD3PEpZMElAy6f,Come Back To Me,Urban Cone,2015,185.609,0.47000000000000003,0.372,0.796,0.0792,0.372
4RCWB3V8V0dignt99LZ8vH,Hey There Delilah,Plain White T's,2005,232.533,0.75,0.313,0.293,0.886,0.651
4SFcuHDFVPjBFSJwi2YcIr,Lullaby Of Woe,Marcin Przybyłowicz,2015,150.206,0.51,0.133,0.0697,0.914,0.378
4UXVp597SQfcieJXv75rCl,U Make Me Wanna,Blue,2003,229.586,0.5,0.845,0.722,0.332,0.617
4VqkhvOP0FkcVrDxgJXtxM,Lucy,Skillet,2009,218.386,0.55,0.188,0.71,0.183,0.481
4Yf5bqU3NK4kNOypcrLYwU,Faint,Linkin Park,2003,162.6,0.7000000000000001,0.594,0.978,0.111,0.554
4aKIs5t9TqP59btlCGPrgw,Maneater,Daryl Hall & John Oates,1982,271.893,0.77,0.812,0.685,0.0351,0.727
4cS2HQ6jK80vqdY9ofpztx,She Wolf,Shakira,2009,188.866,0.65,0.868,0.6900000000000001,0.289,0.865
4ezZvdzJW35R1eJgSVpqhv,Snape to Malfoy Manor,Alexandre Desplat,2010,118.466,0.42,0.0357,0.47900000000000004,0.5670000000000001,0.328
4fHDlIntTsRGSyTg5UYZYC,Banana Boat (Day-O),Harry Belafonte,1956,183.133,0.6000000000000001,0.419,0.105,0.885,0.797
4fTHdMTq0Znl3djLI1Typn,Cheerleader (Felix Jaehn Remix) - Radio Edit,OMI,2015,180.021,0.5700000000000001,0.41000000000000003,0.5760000000000001,0.184,0.8270000000000001
4feA9qWutYe5V4MHlxtiVu,West Coast Poplock,Ronnie Hudson,2007,328.314,0.41000000000000003,0.8230000000000001,0.785,0.211,0.861
4gpext9x0CbdD9NWaa4nDj,Amanda,Boston,1986,256.2,0.58,0.279,0.41500000000000004,0.322,0.45
4iLqG9SeJSnt0cSPICSjxv,Attention,Charlie Puth,2017,211.475,0.92,0.777,0.626,0.0969,0.774
4iZPNYqzI2L0uwuUKun7Aa,Stole the Show,Kygo,2015,222.801,0.33,0.438,0.662,0.155,0.679
4l2hnfUx0esSbITQa7iJt0,A Little Less Conversation,Elvis Presley,2009,211.173,0.65,0.58,0.935,0.000155,0.586
4njseCGxWeZUksjhrqkleT,Ain't No Mountain High Enough,Marvin Gaye,1995,148.093,0.59,0.886,0.8250000000000001,0.355,0.621
4o6BgsqLIBViaGVbx5rbRk,You Make My Dreams,Daryl Hall & John Oates,1980,190.733,0.79,0.859,0.652,0.251,0.748
4oII5U8wyXLMkIaBeyxDa2,"Far From Any Road (Main Title Theme from ""True Detective"")",The Handsome Family,2003,166.493,0.02,0.746,0.556,0.19,0.707
4pEXlAqaJXQUKDteKRLun9,Rock Me Amadeus,Falco,2010,200.666,0.52,0.866,0.901,0.315,0.609
4rqR0yM2k41leqyErhNzTs,Beautiful,Akon,2008,312.986,0.65,0.615,0.9480000000000001,0.123,0.742
4s6LhHAV5SEsOV0lC2tjvJ,California Dreamin',The Mamas & The Papas,1966,162.373,0.68,0.667,0.616,0.352,0.552
4sabZStEJHsz88F2PLQYfz,Kylie,Akcent,2006,245.96,0.38,0.759,0.8170000000000001,0.00859,0.761
4u8031pTkTODbRaDCbx8Yv,Them Changes,Thundercat,2015,187.21,0.58,0.738,0.579,0.544,0.787
4u9f8hqstB7iITDJNzKhQx,My Generation,The Who,1965,198.706,0.6000000000000001,0.646,0.785,0.328,0.397
4vS8VaBwJJV5Ry7UFIQuoo,Lean On (feat. MØ & DJ Snake),Major Lazer,2015,176.561,0.22,0.274,0.809,0.0034600000000000004,0.723
4wCmqSrbyCgxEXROQE6vtV,Somebody That I Used To Know,Gotye,2011,244.973,0.75,0.754,0.517,0.5650000000000001,0.857
4yqAH0Zz5mpFYGhxpH9UkO,The Rains of Castamere (From the HBO® Series Game Of Thrones,Sigur Rós,2014,162.946,0.4,0.122,0.297,0.897,0.24
4zmT3KiW5UVfzGSIkYbs0y,Old Friends,Darren Korb,2014,201.324,0.48,0.171,0.444,0.0045000000000000005,0.677
50CgC2wKmbWm4WLQKY87oP,In Motion,Trent Reznor and Atticus Ross,2010,296.77,0.5,0.356,0.638,0.6960000000000001,0.618
51pQ7vY7WXzxskwloaeqyj,Stairway To Heaven,Led Zeppelin,1971,478.173,0.30000000000000004,0.213,0.335,0.5750000000000001,0.34600000000000003
546QTayX6j4GcZsfTRrVnL,Remember The Name (feat. Styles Of Beyond),Fort Minor,2005,230.493,0.58,0.88,0.835,0.058300000000000005,0.6880000000000001
54eZmuggBFJbV7k248bTTt,A Horse with No Name,America,1972,252.239,0.76,0.8310000000000001,0.506,0.686,0.654
54flyrjcdnQdco7300avMJ,We Will Rock You,Queen,1977,122.066,0.7000000000000001,0.51,0.488,0.6880000000000001,0.6920000000000001
55w9lybOgyI0bAr46Al5yf,I'm Sending You Away,Anthony Gonzalez,2013,338.094,0.46,0.0327,0.127,0.794,0.262
56KqaFSGTb7ifpt16t5Y1N,Rock the Casbah,The Clash,1982,222.426,0.73,0.866,0.872,0.28700000000000003,0.796
57BrRMwf9LrcmuOsyGilwr,Crawling,Linkin Park,2000,210.773,0.76,0.30000000000000004,0.716,0.056400000000000006,0.58
57PjISfyOyDcvTPipz16nf,Love Me Again,John Newman,2013,240.288,0.66,0.201,0.915,0.004410000000000001,0.485
59FYUvlodY7NCZGHk7yJt1,Escape,Enrique Iglesias,2001,208.626,0.55,0.879,0.855,0.0302,0.775
5AVKRb1xXzEoJGGTzprnCD,It's On Again,Alicia Keys,2014,230.08,0.39,0.527,0.539,0.0975,0.656
5D1eaML0qst8jrxB5GRugn,I Don't Care,Fall Out Boy,2009,218.88,0.45,0.516,0.923,0.0018000000000000002,0.532
5Db9VIdDsN5yu3Eu7CT0i4,Stay With Me,Sam Smith,2014,172.723,0.8,0.186,0.419,0.5680000000000001,0.47900000000000004
5FgtdSf7I5lClThz2ptWvl,Blue (Da Ba Dee),Eiffel 65,1999,283.747,0.26,0.765,0.969,0.259,0.8220000000000001
5HNCy40Ni5BZJFw1TKzRsC,Comfortably Numb,Pink Floyd,1979,382.296,0.74,0.171,0.366,0.15,0.47200000000000003
5HOpkTTVcmZHnthgyxrIL8,The Fox (What Does The Fox Say?),Ylvis,2013,213.708,0.65,0.546,0.867,0.107,0.7030000000000001
5Hv1QAbRWrUSUHaT0CmnMS,Into the Night,Santana,2007,222.44,0.61,0.603,0.844,0.0137,0.595
5IMtdHjJ1OtkxbGe4zfUxQ,Escape (The Pina Colada Song),Rupert Holmes,1979,276.493,0.71,0.9440000000000001,0.496,0.501,0.834
5MxNLUsfh7uzROypsoO5qe,Dream On,Aerosmith,1973,266.96,0.8,0.224,0.433,0.388,0.307
5NIPsWpDjJTFBoPxCUUeXp,Welcome To The Jungle,Guns N' Roses,1987,273.6,0.76,0.336,0.9550000000000001,0.032600000000000004,0.445
5Pf5HwjqLAbYDVBQU7H7Oz,I'll Keep Coming,Low Roar,2014,352.346,0.54,0.09960000000000001,0.596,0.037200000000000004,0.332
5QFdOfeQlX8gp7ick31XRG,A Dark Knight,Hans Zimmer,2008,975.266,0.55,0.0357,0.182,0.492,0.277
5QTxFnGygVM4jFQiBovmRo,(Don't Fear) The Reaper,Blue Öyster Cult,1976,308.12,0.76,0.382,0.927,0.0029000000000000002,0.333
5SnOyuBtyzufoXBAKOdcxD,The Unforgiven,Metallica,1991,387.133,0.22,0.251,0.597,0.0108,0.539
5U1eDhGNl6uUQThJ4nBm7z,Spirits,The Strumbellas,2016,203.653,0.68,0.779,0.707,0.17200000000000001,0.554
5UEnHoDYpsxlfzWLZIc7LD,River (feat. Ed Sheeran),Eminem,2017,221.013,0.97,0.6930000000000001,0.748,0.17,0.757
5UWwZ5lm5PKu6eKsHAGxOk,Everlong,Foo Fighters,1997,250.546,0.79,0.356,0.882,5.9600000000000005e-05,0.41200000000000003
5Ukx5Eo3eEHiCmgNaGcf67,Blood And Wine,Marcin Przybyłowicz,2016,177.12,0.48,0.055900000000000005,0.501,0.43,0.155
5V1AHQugSTASVez5ffJtFo,Let It Be,The Beatles,1970,243.026,0.73,0.41000000000000003,0.403,0.631,0.443
5V3mdRI2yQxbSsJGDPc5lD,Chop Suey!,System Of A Down,2001,210.24,0.79,0.30000000000000004,0.929,0.00035299999999999996,0.42
5VSCgNlSmTV2Yq5lB40Eaw,Love Me Again,John Newman,2013,239.894,0.65,0.216,0.884,0.004070000000000001,0.497
5WTxbyWTpoqhdxEN2szOnl,Everybody (Backstreet's Back),Backstreet Boys,1996,287.293,0.73,0.509,0.811,0.00602,0.792
5XcZRgJv3zMhTqCyESjQrF,Poison,Alice Cooper,1989,270.08,0.6900000000000001,0.26,0.908,0.0327,0.28
5XzmZjXhMjDHr7ZfJ6DELQ,FourFiveSeconds,Rihanna,2015,188.238,0.77,0.321,0.268,0.868,0.579
5YCXQINNQyP4dPmQdUz5ER,Invincible,OK Go,2005,210.64,0.42,0.381,0.915,0.00013199999999999998,0.417
5ZZuiMFxl85qakgTZQapsc,Welcome To Los Santos,Oh No,2013,154.28,0.59,0.389,0.433,0.23900000000000002,0.686
5afHIkEcVhCF1Z1CTqMUXB,Ain't Nobody (Loves Me Better),Felix Jaehn,2015,186.146,0.74,0.47100000000000003,0.5670000000000001,0.66,0.768
5bcTCxgc7xVfSaMV3RuVke,Feels,Calvin Harris,2017,223.413,0.87,0.872,0.745,0.06420000000000001,0.893
5dIgg4mrQHOlVm1ZFYHW29,Smoke On The Water,Deep Purple,2005,342.173,0.54,0.89,0.586,0.0983,0.632
5eWgDlp3k6Tb5RD8690s6I,Sugar,Maroon 5,2014,235.493,0.19,0.885,0.783,0.0553,0.744
5ghIJDpPoe3CfHMGu71E6T,Smells Like Teen Spirit,Nirvana,1991,301.92,0.78,0.728,0.906,2.86e-05,0.516
5hfbRY5gVE3FlEriQrdmdP,Next Stop,Bleached,2013,153.32,0.37,0.47400000000000003,0.914,0.00689,0.261
5j6ZZwA9BnxZi5Bk0Ng4jB,Heroes,David Bowie,1977,370.373,0.75,0.429,0.774,0.000265,0.47800000000000004
5jZF1nvKORdaHNjNNMRbFl,You Broke Up with Me,Walker Hayes,2017,196.666,0.62,0.874,0.6990000000000001,0.525,0.847
5jsw9uXEGuKyJzs0boZ1bT,Stitches,Shawn Mendes,2015,206.88,0.75,0.726,0.752,0.0196,0.592
5jzma6gCzYtKB1DbEwFZKH,London Calling,The Clash,1979,200.48,0.72,0.776,0.801,0.123,0.651
5kipsdp2OANOQfYOCxPNft,I Like It,Enrique Iglesias,2010,231.373,0.63,0.73,0.9420000000000001,0.021,0.648
5knuzwU65gJK7IF5yJsuaW,Rockabye (feat. Sean Paul & Anne-Marie),Clean Bandit,2016,251.088,0.87,0.742,0.763,0.406,0.72
5lSbdSQAWAMjAcJDJPFGQr,Aces High,Iron Maiden,1984,269.466,0.63,0.538,0.974,0.000937,0.305
5pBvNeOAJ54zgd5lEOmM3b,Without Me,Eminem,2005,291.213,0.6900000000000001,0.659,0.657,0.0029300000000000003,0.919
5pRElcsPZrgZXkoON2o5Go,Comatose,Skillet,2006,230.426,0.6900000000000001,0.446,0.9550000000000001,0.00116,0.359
5qGiybwCZ1gENFmtkmHbA6,Warrior Of Light,Ramin Djawadi,2012,184.053,0.37,0.031,0.19,0.769,0.232
5sM3wik5G9pevyMrE2CrML,New Digs,Thomas Newman,2012,152.72,0.30000000000000004,0.0407,0.375,0.8170000000000001,0.649
5sNESr6pQfIhL3krM8CtZn,Numb / Encore,JAY Z,2004,205.733,0.76,0.751,0.793,0.0603,0.687
5tz69p7tJuGPeMGwNTxYuV,1-800-273-8255,Logic,2017,250.173,0.88,0.386,0.5720000000000001,0.5700000000000001,0.629
5vdp5UmvTsnMEMESIF2Ym7,Another One Bites The Dust,Queen,1980,214.653,0.79,0.754,0.528,0.112,0.933
5yi1GYvniJ46m2wywOcrFl,King Of The North,Ramin Djawadi,2011,88.16,0.42,0.037,0.121,0.509,0.126
5zBr7blX5XFcICjFKMNx4Q,Nuclear,Mike Oldfield,2014,303.986,0.54,0.295,0.527,0.0369,0.40800000000000003
60a0Rd6pjrkxjPbaKzXjfq,In The End,Linkin Park,2000,219.0,0.85,0.398,0.9,0.011300000000000001,0.553
612VcBshQcy4mpB2utGc3H,Tears In Heaven,Eric Clapton,1992,280.0,0.74,0.422,0.336,0.8,0.6950000000000001
62HY7V5hRKtfIZ7uCYqYqu,The Imperial March (Darth Vader's Theme),John Williams,1997,182.973,0.14,0.26,0.389,0.772,0.5660000000000001
62bOmKYxYg7dhrC6gH9vFn,Bye Bye Bye,*NSYNC,2000,200.4,0.72,0.861,0.926,0.031,0.61
63MgFVcIldlw51imFtcgK1,El Perdón,Nicky Jam,2016,207.013,0.19,0.645,0.7010000000000001,0.423,0.622
63OFKbMaZSDZ4wtesuuq6f,Born To Be Wild,Steppenwolf,1968,210.373,0.73,0.53,0.71,0.262,0.438
646J2jOtUe4Jflrmh6JFjN,Bring Me To Life,Evanescence,2003,235.893,0.76,0.297,0.9460000000000001,0.007490000000000001,0.312
64yrDBpcdwEdNY9loyEGbX,21 Guns,Green Day,2009,321.093,0.77,0.41600000000000004,0.742,0.051800000000000006,0.268
65YsalQBmQCzIPaay72CzQ,Diamonds,Rihanna,2012,225.2,0.55,0.40700000000000003,0.684,0.0014600000000000001,0.541
66hayvUbTotekKU3H4ta1f,Where Are Ü Now (with Justin Bieber),Jack Ü,2015,250.285,0.8,0.197,0.781,0.041,0.432
66wpCqkkM6MrxXSbfgmsrh,Night Fever,Bee Gees,1978,213.4,0.17,0.896,0.794,0.0245,0.729
69uxyAqqPIsUyTO8txoP2M,Adventure Of A Lifetime,Coldplay,2015,263.786,0.8,0.529,0.924,0.00205,0.638
6Ac4NVYYl2U73QiTt11ZKd,Hooked on a Feeling,Blue Swede,1973,172.866,0.77,0.933,0.8200000000000001,0.261,0.547
6Bg8wr9A4pEQu98f2WMJJp,Dance Of Death,Iron Maiden,2003,517.173,0.55,0.30000000000000004,0.868,0.07050000000000001,0.298
6C7RJEIUDqKkJRZVWdkfkH,Stronger,Kanye West,2007,311.866,0.79,0.483,0.726,0.007280000000000001,0.625
6FDaK8zewIicYbuc5eik0B,I'll Been Waiting,Dear David,2014,185.726,0.37,0.587,0.79,0.00194,0.8130000000000001
6GmUVqe73u5YRfUUynZK6I,Let Her Go,Passenger,2012,252.733,0.76,0.244,0.545,0.365,0.47900000000000004
6JEK0CvvjDjjMUBFoXShNZ,Never Gonna Give You Up,Rick Astley,2003,213.453,0.63,0.923,0.974,0.0936,0.728
6JV2JOEocMgcZxYSZelKcc,"CAN'T STOP THE FEELING! (Original Song from DreamWorks Animation's ""TROLLS"")",Justin Timberlake,2016,236.001,0.8300000000000001,0.7010000000000001,0.8300000000000001,0.0123,0.667
6Jz6K1LBGmYqirDbkk2y2K,Slip,Elliot Moss,2015,298.906,0.61,0.352,0.275,0.754,0.716
6Kh4FkETk9i3EUVTerZEuY,Incomplete,Backstreet Boys,2005,239.586,0.61,0.157,0.604,0.192,0.446
6NPVjNh8Jhru9xOmyQigds,Happy,Pharrell Williams,2013,233.305,0.76,0.962,0.757,0.28600000000000003,0.652
6NncjnSD7JLEetWb9KqMRY,I Wanna Love You,Akon,2006,247.066,0.68,0.352,0.45,0.0359,0.865
6PjitpdnGluMNLv0VeCVe5,Raindrops,SNBRN,2015,203.048,0.54,0.23800000000000002,0.777,0.111,0.663
6QGI6v91UlqSytTDVKZIUP,Ghostbusters,"Ray Parker, Jr.",1985,245.6,0.62,0.803,0.588,0.019200000000000002,0.787
6QgjcU0zLnzq5OrUoSZ3OK,Feel It Still,Portugal. The Man,2017,163.253,0.93,0.754,0.795,0.0417,0.801
6RB9YvNyP0RZfCUcMtZELH,Freedom,Pharrell Williams,2015,162.466,0.6900000000000001,0.605,0.558,0.395,0.427
6TqXSgAgkQN1EF4uYRmMbf,"The Immigrant (From ""The Godfather",The City of Prague Philharmonic Orchestra,2001,169.293,0.36,0.048,0.13,0.87,0.179
6UaRii9AH6Zss9xNMEQ2M9,Love The Way You Lie,Eminem,2010,263.373,0.79,0.638,0.922,0.246,0.746
6WoCCsRd3ILkGcLm0C2XL8,Alan,Alexandre Desplat,2014,177.386,0.5,0.0717,0.158,0.912,0.137
6YUTL4dYpB9xZO5qExPf05,Summer,Calvin Harris,2014,222.533,0.78,0.743,0.856,0.0211,0.596
6YZdkObH88npeKrrkb8Ggf,DUELE EL CORAZON,Enrique Iglesias,2016,200.813,0.79,0.846,0.904,0.0786,0.724
6a8GbQIlV8HBUW3c6Uk9PH,I Know You Want Me (Calle Ocho),Pitbull,2009,237.12,0.6000000000000001,0.804,0.743,0.0142,0.8240000000000001
6aYXSH9JZrD30Av2KlAOMY,2 Minutes To Midnight,Iron Maiden,1984,359.76,0.63,0.517,0.9530000000000001,0.00027499999999999996,0.459
6cj8s9tWTahcd0XmnM2tVj,Right Now (Na Na Na),Akon,2008,240.746,0.67,0.577,0.87,0.269,0.8320000000000001
6cr6UDpkjEaMQ80OjWqEBQ,Sultans Of Swing,Dire Straits,1978,350.4,0.6900000000000001,0.923,0.868,0.0632,0.73
6e40mgJiCid5HRAGrbpGA6,I Want It That Way,Backstreet Boys,2001,213.6,0.78,0.484,0.7020000000000001,0.216,0.6890000000000001
6ezHCvNbqTmkUURmyHCZei,Everybody Loves Me,OneRepublic,2009,214.4,0.5,0.66,0.907,0.0229,0.578
6gRGLfswEsfpy1UxHEyP6X,The Thrill Is Gone,B.B. King,1997,301.133,0.55,0.262,0.489,0.0854,0.6930000000000001
6i0V12jOa3mr6uu4WYhUBr,Heathens,Twenty One Pilots,2016,195.92,0.84,0.548,0.396,0.08410000000000001,0.732
6i8ecOsx4J2Px1maiqzqoG,Everywhere,Fleetwood Mac,1987,222.733,0.32,0.764,0.54,0.218,0.6900000000000001
6iLzFJhs4ATwJn7P1utZIJ,Light of the Seven,Ramin Djawadi,2016,589.094,0.7000000000000001,0.058300000000000005,0.10200000000000001,0.903,0.273
6imurX7g4lyZRxvfyDivyp,"Main Title from Home Alone (""Somewhere in My Memory"")",John Williams,1990,293.333,0.2,0.07490000000000001,0.058,0.969,0.222
6kWJvPfC4DgUpRsXKNa9z9,All That She Wants,Ace of Base,1993,211.213,0.6900000000000001,0.858,0.625,0.00547,0.798
6nTiIhLmQ3FWhvrGafw2zj,American Idiot,Green Day,2004,176.346,0.79,0.769,0.988,2.6400000000000005e-05,0.38
6nek1Nin9q48AVZcWs9e9D,Paradise,Coldplay,2011,278.719,0.8,0.203,0.585,0.0522,0.449
6pyex9B1kBoRIuabBAc4m8,Jailhouse Rock,Elvis Presley,2002,155.333,0.6000000000000001,0.895,0.672,0.314,0.635
6r3v7nkYQGiHfgNTrpRAwx,I Love It When You Cry,Moxie Raia,2015,181.23,0.44,0.505,0.595,0.000508,0.485
6rSuL1ViLO7Aljn2WD09s4,Whispers In The Dark,Skillet,2006,204.346,0.67,0.335,0.9380000000000001,0.0006439999999999999,0.509
6u5olIUAuEmBhA5DeSyJWs,Wars of Faith,Audiomachine,2015,233.146,0.54,0.0869,0.406,0.0557,0.155
6y055Bh8XDEpmFMBuycoLj,High,Young Rising Sons,2014,163.749,0.33,0.515,0.875,0.025500000000000002,0.654
6zQlRd6tvEVJm59P8PMj7o,TiK ToK,Kesha,2014,199.733,0.61,0.633,0.667,0.0608,0.745
7129iqBafaphfc3WPCGC0L,7 Years,Lukas Graham,2015,237.3,0.56,0.316,0.489,0.313,0.728
72a9JWKqJ8SGo0OdyCS12P,Personal Jesus,Depeche Mode,2006,225.04,0.62,0.766,0.852,0.10400000000000001,0.687
72gGeQ0dZ7E8RlBeNJNJkb,The Monster,Eminem,2013,250.906,0.54,0.623,0.86,0.055600000000000004,0.785
74Xdx4ezYQQlg8wKswq25T,I Need Your Love,Shaggy,2014,216.666,0.65,0.543,0.794,0.122,0.529
758wEKVqfYopJIHYWdLVd4,I Wanna Be Adored,The Stone Roses,1989,292.8,0.65,0.591,0.862,0.012100000000000001,0.492
75JFxkI2RXiU7L9VXzMkle,The Scientist,Coldplay,2002,309.6,0.87,0.212,0.442,0.727,0.56
78DwRIo6Vj6wqteyerGetr,The Heart of Life,John Mayer,2006,198.2,0.65,0.34900000000000003,0.23800000000000002,0.9580000000000001,0.496
78Q2Em989i9lagCBf8XGyX,The Godfather Finale,Nino Rota,1991,230.733,0.42,0.053700000000000005,0.264,0.9560000000000001,0.183
78vLE61fxpzQfWBdyRKQvV,Finest Girl (Bin Laden Song),The Lonely Island,2016,151.013,0.0,0.419,0.757,0.2,0.727
79RUMZfMNMpqZnswovvTqv,Wonderwall,Oasis,1995,258.906,0.75,0.459,0.844,0.00214,0.41200000000000003
7BKLCZ1jbUBVqRi2FVlTVw,Closer,The Chainsmokers,2016,244.96,0.89,0.661,0.524,0.41400000000000003,0.748
7EYWEwJyai7udNmqvRPsZM,Blame,Calvin Harris,2014,214.426,0.2,0.369,0.859,0.028200000000000003,0.41200000000000003
7G83ZwD2msTtFaBQExc8QB,Institutionalized,Suicidal Tendencies,1983,229.96,0.58,0.625,0.804,0.040400000000000005,0.358
7HzCxalzzYQOFb9a7Xs3j6,I Took A Pill In Ibiza - Seeb Remix,Mike Posner,2015,198.76,0.16,0.679,0.783,0.033100000000000004,0.678
7IBfmCrfaR3SLVemWhsucQ,Space Oddity,David Bowie,1969,316.333,0.58,0.457,0.423,0.016900000000000002,0.31
7J1uxwnxfQLu4APicE5Rnj,Billie Jean,Michael Jackson,1982,294.226,0.63,0.885,0.458,0.017400000000000002,0.932
7Lf7oSEVdzZqTA0kEDSlS5,Cry Me a River,Justin Timberlake,2002,288.333,0.79,0.5650000000000001,0.653,0.5750000000000001,0.624
7MmG8p0F9N3C4AXdK6o6Eb,Outside,Calvin Harris,2014,227.266,0.76,0.418,0.8230000000000001,0.213,0.646
7Mn2PWhGneW1kJYWWqwQYF,Driving With The Top Down,Ramin Djawadi,2008,189.706,0.38,0.324,0.685,0.0256,0.296
7afSN5zhUhkbpRFpYKYztK,The Reason,Hoobastank,2003,232.8,0.26,0.06810000000000001,0.671,0.0129,0.47200000000000003
7b0IHVIYf3rnl08ccuvdWN,Think,Kaleida,2015,211.14,0.05,0.305,0.441,0.47100000000000003,0.771
7dS5EaCoMnN7DzlpT6aRn2,Take Me To Church,Hozier,2014,241.688,0.26,0.437,0.664,0.634,0.5660000000000001
7e89621JPkKaeDSTQ3avtg,Sweet Home Alabama,Lynyrd Skynyrd,1974,283.8,0.76,0.893,0.606,0.183,0.602
7fcgisGFCr4mfbfNSztr84,Viva La Vida,Coldplay,2008,241.426,0.66,0.456,0.615,0.113,0.489
7gBj0VgcuAgkXkiRRYvSmK,Stay,Kygo,2015,239.465,0.73,0.378,0.736,0.0444,0.648
7gn0MfkV4ZuMkqbPlmhIlx,Deadcrush,alt-J,2017,231.013,0.64,0.604,0.622,0.0959,0.648
7hpxYEXTBQOAcXBJLgQIV2,Trouble Is a Friend,Lenka,2008,215.746,0.37,0.653,0.8300000000000001,0.0318,0.657
7icHQ0UDRFe98tfvI0yyhL,Prayer In C,Lilly Wood and The Prick,2014,189.399,0.53,0.78,0.886,0.0219,0.76
7kWhdmRYv8CqbWNqfojqVd,Let's Stay Together,Al Green,1972,199.4,0.29,0.502,0.273,0.606,0.746
7mcW98cnE6Osce4ae7t4oZ,Take My Breath Away,Berlin,1986,252.0,0.56,0.624,0.583,0.218,0.47400000000000003
7o2CTH4ctstm8TNelqjb51,Sweet Child O' Mine,Guns N' Roses,1987,356.08,0.81,0.63,0.911,0.0801,0.451
7oGRkL31ElVMcevQDceT99,Tchu Tchu Tcha,Pitbull,2012,205.8,0.39,0.44,0.809,0.0175,0.638
7pqgMEKsDMOHUdFQ7n0N9K,Dangerous (feat. Sam Martin),David Guetta,2014,203.641,0.68,0.43,0.747,0.417,0.466
7tFiyTwD0nx5a1eklYtX2J,Bohemian Rhapsody,Queen,1975,354.32,0.76,0.227,0.396,0.254,0.397
7vmIz21TlF6k6Cnzz9RZf8,Rise Up,Yves Larock feat. Jaba,2013,172.186,0.4,0.808,0.857,0.000312,0.676
7w9bgPAmPTtrkt2v16QWvQ,Lose Yourself - Soundtrack Version,Eminem,2005,326.466,0.84,0.0591,0.728,0.009710000000000002,0.7010000000000001
7wqSzGeodspE3V6RBD5W8L,See You Again (feat. Charlie Puth),Wiz Khalifa,2015,229.525,0.33,0.28300000000000003,0.481,0.369,0.6890000000000001
7x8dCjCr0x6x2lXKujYD34,The Pretender,Foo Fighters,2007,269.373,0.78,0.365,0.9590000000000001,0.000917,0.433
7yCPwWs66K8Ba5lFuU2bcx,All The Small Things,blink-182,1999,168.0,0.75,0.6950000000000001,0.891,0.0122,0.439
7yq4Qj7cqayVTp3FF9CWbm,Riptide,Vance Joy,2014,204.28,0.77,0.51,0.731,0.431,0.484
7ytqdjooPEAa97QSu6NUHS,Dream A Little Dream Of Me,The Mamas & The Papas,1968,194.426,0.59,0.331,0.322,0.8160000000000001,0.459
